timestamp,hr_bpm,activity,alert_level,alert_reason,vm_std,rmssd
2026-05-12 11:22:17,66.75,REST,SAFE,,10.3,73.33
2026-05-12 11:22:22,66.9,REST,SAFE,,15.99,116.01
2026-05-12 11:22:27,64.54,SLOW_WALK,SAFE,,22.66,119.3
2026-05-12 11:22:32,66.64,SLOW_WALK,SAFE,,48.72,118.99
2026-05-12 11:22:37,67.92,SLOW_WALK,SAFE,,46.25,113.84
2026-05-12 11:22:42,71.65,SLOW_WALK,SAFE,,73.4,95.27
2026-05-12 11:22:47,76.87,WALK,SAFE,,102.07,90.18
2026-05-12 11:22:52,79.42,WALK,SAFE,,119.01,36.19
2026-05-12 11:22:57,81.62,WALK,SAFE,,123.99,20.09
2026-05-12 11:23:32,78.86,WALK,SAFE,,108.27,74.92
2026-05-12 11:24:08,72.77,SLOW_WALK,SAFE,,53.63,48.58
2026-05-12 11:24:13,71.07,SLOW_WALK,SAFE,,64.32,48.07
2026-05-12 11:24:18,78.0,SLOW_WALK,SAFE,,72.49,83.82
2026-05-12 11:24:23,81.0,SLOW_WALK,SAFE,,77.43,79.8
2026-05-12 11:24:28,81.64,SLOW_WALK,SAFE,,77.28,82.35
2026-05-12 11:24:33,82.67,WALK,SAFE,,84.1,81.14
2026-05-12 11:24:38,84.63,SLOW_WALK,SAFE,,66.77,76.07
2026-05-12 11:24:43,84.84,SLOW_WALK,SAFE,,56.93,77.76
2026-05-12 11:24:48,79.76,SLOW_WALK,SAFE,,50.78,38.11
2026-05-12 11:24:53,75.33,SLOW_WALK,SAFE,,45.6,37.24
2026-05-12 11:24:58,75.28,SLOW_WALK,SAFE,,42.98,30.24
2026-05-12 11:25:03,74.59,SLOW_WALK,SAFE,,31.89,30.8
2026-05-12 11:25:08,73.99,REST,SAFE,,17.54,31.67
2026-05-12 11:25:13,73.84,REST,SAFE,,14.94,35.17
2026-05-12 11:25:18,73.56,REST,SAFE,,15.1,36.25
2026-05-12 11:25:23,74.44,REST,SAFE,,14.27,35.67
2026-05-12 11:25:28,75.43,REST,SAFE,,11.23,33.61
2026-05-12 11:25:33,75.26,REST,SAFE,,10.55,31.6
2026-05-12 11:25:38,73.36,REST,SAFE,,10.28,34.23
2026-05-12 11:25:43,72.84,REST,SAFE,,10.61,32.21
2026-05-12 11:25:48,72.2,REST,SAFE,,19.59,36.8
2026-05-12 11:25:53,73.12,REST,SAFE,,19.53,33.76
2026-05-12 11:25:58,74.2,REST,SAFE,,19.46,33.77
2026-05-12 11:26:03,74.43,SLOW_WALK,SAFE,,23.22,33.86
2026-05-12 11:26:08,75.56,SLOW_WALK,SAFE,,25.51,36.36
2026-05-12 11:26:13,74.67,SLOW_WALK,SAFE,,26.38,130.47
2026-05-12 11:26:18,77.71,SLOW_WALK,SAFE,,21.43,183.29
2026-05-12 11:26:23,78.64,REST,SAFE,,19.6,181.23
2026-05-12 11:26:28,77.49,REST,SAFE,,15.94,184.02
2026-05-12 11:26:33,79.15,REST,SAFE,,13.2,181.25
2026-05-12 11:26:38,80.4,SLOW_WALK,SAFE,,28.45,178.19
2026-05-12 11:26:43,81.42,SLOW_WALK,SAFE,,32.64,27.17
2026-05-12 11:26:48,79.54,SLOW_WALK,SAFE,,36.69,27.86
2026-05-12 11:26:53,79.57,SLOW_WALK,SAFE,,47.98,25.22
2026-05-12 11:26:58,80.69,SLOW_WALK,SAFE,,47.46,26.33
2026-05-12 11:27:03,79.26,SLOW_WALK,SAFE,,48.01,28.42
2026-05-12 11:27:08,77.16,SLOW_WALK,SAFE,,41.49,42.83
2026-05-12 11:27:13,74.81,SLOW_WALK,SAFE,,46.14,49.72
2026-05-12 11:27:18,74.28,SLOW_WALK,SAFE,,30.86,51.19
2026-05-12 11:27:23,70.83,SLOW_WALK,SAFE,,29.01,70.22
2026-05-12 11:27:28,67.22,SLOW_WALK,SAFE,,28.68,71.06
2026-05-12 11:27:33,65.17,SLOW_WALK,SAFE,,29.0,76.04
2026-05-12 11:27:38,64.1,REST,SAFE,,18.06,79.84
2026-05-12 11:27:43,64.91,REST,SAFE,,4.89,82.5
2026-05-12 11:27:48,62.82,REST,SAFE,,4.53,83.75
2026-05-12 11:27:53,62.58,REST,SAFE,,4.23,78.32
2026-05-12 11:27:58,63.66,REST,SAFE,,3.84,83.25
2026-05-12 11:28:03,63.32,REST,SAFE,,3.45,82.37
2026-05-12 11:28:08,63.27,REST,SAFE,,4.63,79.8
2026-05-12 11:28:13,61.38,REST,SAFE,,4.7,79.27
2026-05-12 11:28:18,61.8,REST,SAFE,,4.38,85.46
2026-05-12 11:28:23,63.05,REST,SAFE,,4.42,79.54
2026-05-12 11:28:28,62.72,REST,SAFE,,4.36,81.93
2026-05-12 11:28:33,64.25,REST,SAFE,,2.74,75.13
2026-05-12 11:28:38,63.65,REST,SAFE,,2.23,78.1
2026-05-12 11:28:43,64.08,REST,SAFE,,1.6,72.19
2026-05-12 11:28:48,63.13,REST,SAFE,,1.44,75.19
2026-05-12 11:28:53,60.78,REST,SAFE,,1.41,76.17
2026-05-12 11:28:58,59.89,REST,SAFE,,1.37,68.07
2026-05-12 11:29:03,59.09,REST,SAFE,,4.01,76.65
2026-05-12 11:29:08,59.48,REST,SAFE,,5.11,74.42
2026-05-12 11:29:13,61.17,REST,SAFE,,5.84,75.36
2026-05-12 11:29:18,62.01,REST,SAFE,,7.31,73.53
2026-05-12 11:29:23,63.19,REST,SAFE,,7.32,74.02
2026-05-12 11:29:28,64.21,REST,SAFE,,7.24,78.6
2026-05-12 11:29:33,63.78,REST,SAFE,,6.42,103.32
2026-05-12 11:29:38,63.18,REST,SAFE,,6.12,104.42
2026-05-12 11:29:43,61.62,REST,SAFE,,7.59,107.73
2026-05-12 11:29:48,62.18,REST,SAFE,,7.83,108.4
2026-05-12 11:29:53,62.53,REST,SAFE,,8.82,113.93
2026-05-12 11:29:58,62.44,REST,SAFE,,8.85,113.13
2026-05-12 11:30:03,62.86,REST,SAFE,,9.24,75.43
2026-05-12 11:30:08,64.2,REST,SAFE,,9.18,77.07
2026-05-12 11:30:13,64.12,REST,SAFE,,8.04,70.1
2026-05-12 11:30:18,62.57,REST,SAFE,,6.99,67.15
2026-05-12 11:30:23,60.93,REST,SAFE,,5.91,62.07
2026-05-12 11:30:28,60.68,REST,SAFE,,6.94,68.27
2026-05-12 11:30:33,60.62,REST,SAFE,,6.09,128.47
2026-05-12 11:30:38,58.3,REST,SAFE,,5.93,137.52
2026-05-12 11:30:43,58.33,REST,SAFE,,6.69,137.73
2026-05-12 11:30:48,59.42,REST,SAFE,,7.15,137.31
2026-05-12 11:30:53,61.07,REST,SAFE,,7.63,134.88
2026-05-12 11:30:58,60.0,REST,SAFE,,6.53,134.79
2026-05-12 11:31:03,58.43,REST,SAFE,,6.58,62.6
2026-05-12 11:31:08,58.52,REST,SAFE,,6.63,65.15
2026-05-12 11:31:13,58.75,REST,SAFE,,5.36,73.44
2026-05-12 11:31:18,59.42,REST,SAFE,,4.36,74.56
2026-05-12 11:31:23,59.54,REST,SAFE,,4.68,74.86
2026-05-12 11:31:28,61.58,REST,SAFE,,8.04,73.98
2026-05-12 11:31:33,65.82,REST,SAFE,,10.03,69.65
2026-05-12 11:31:38,69.34,REST,SAFE,,11.14,55.25
2026-05-12 11:31:43,71.55,REST,SAFE,,12.14,53.75
2026-05-12 11:31:48,72.39,REST,SAFE,,12.6,47.87
2026-05-12 11:31:53,72.24,REST,SAFE,,12.85,42.84
2026-05-12 11:31:58,71.49,REST,SAFE,,12.07,41.44
2026-05-12 11:32:03,69.99,REST,SAFE,,11.13,47.27
2026-05-12 11:32:08,68.76,REST,SAFE,,10.36,53.91
2026-05-12 11:32:13,67.33,REST,SAFE,,9.4,52.85
2026-05-12 11:32:18,65.39,REST,SAFE,,9.07,51.94
2026-05-12 11:32:23,63.86,REST,SAFE,,8.46,47.2
2026-05-12 11:32:28,64.46,REST,SAFE,,7.14,66.23
2026-05-12 11:32:30,64.41,REST,SAFE,,7.08,66.03
