timestamp,window_sec,n_rr,n_acc,hr_mean,hr_std,hr_min,hr_max,rr_mean,rr_std,rmssd,pnn50,rr_cv,rr_iqr,rr_skew,rr_kurt,sd1,sd2,sd12,rr_entropy,rr_long_ratio,rr_short_ratio,sdrr,rmssd_sdnn_ratio,lf_power,hf_power,lf_hf,acc_vm_mean,acc_vm_std,acc_vm_max,acc_vm_range,acc_x_std,acc_y_std,acc_z_std,acc_energy,activity_state,fall_spike,free_fall,post_still,fall_candidate,strong_fall,fall_peak_vm,fall_min_before_1s,fall_std_after_5s,hr_context_alert,hr_context_threshold,label_activity,label_anomaly
2026-05-12 11:20:37,30,0,0,,,,,,,,,,,,,,,,,,,,,,,,,,,,,,,,UNKNOWN,,,,,,,,,SAFE,,,
2026-05-12 11:20:42,30,0,0,,,,,,,,,,,,,,,,,,,,,,,,,,,,,,,,UNKNOWN,,,,,,,,,SAFE,,,
2026-05-12 11:20:47,30,0,0,,,,,,,,,,,,,,,,,,,,,,,,,,,,,,,,UNKNOWN,,,,,,,,,SAFE,,,
2026-05-12 11:20:52,30,0,0,,,,,,,,,,,,,,,,,,,,,,,,,,,,,,,,UNKNOWN,,,,,,,,,SAFE,,,
2026-05-12 11:20:57,30,0,0,,,,,,,,,,,,,,,,,,,,,,,,,,,,,,,,UNKNOWN,,,,,,,,,SAFE,,,
2026-05-12 11:21:02,30,0,0,,,,,,,,,,,,,,,,,,,,,,,,,,,,,,,,UNKNOWN,,,,,,,,,SAFE,,,
2026-05-12 11:21:07,30,0,0,,,,,,,,,,,,,,,,,,,,,,,,,,,,,,,,UNKNOWN,,,,,,,,,SAFE,,,
2026-05-12 11:21:12,30,0,0,,,,,,,,,,,,,,,,,,,,,,,,,,,,,,,,UNKNOWN,,,,,,,,,SAFE,,,
2026-05-12 11:21:17,30,0,0,,,,,,,,,,,,,,,,,,,,,,,,,,,,,,,,UNKNOWN,,,,,,,,,SAFE,,,
2026-05-12 11:21:22,30,0,0,,,,,,,,,,,,,,,,,,,,,,,,,,,,,,,,UNKNOWN,,,,,,,,,SAFE,,,
2026-05-12 11:21:27,30,0,0,,,,,,,,,,,,,,,,,,,,,,,,,,,,,,,,UNKNOWN,,,,,,,,,SAFE,,,
2026-05-12 11:21:32,30,0,0,,,,,,,,,,,,,,,,,,,,,,,,,,,,,,,,UNKNOWN,,,,,,,,,SAFE,,,
2026-05-12 11:21:37,30,2,0,,,,,,,,,,,,,,,,,,,,,,,,,,,,,,,,UNKNOWN,,,,,,,,,SAFE,,,
2026-05-12 11:21:42,30,2,0,,,,,,,,,,,,,,,,,,,,,,,,,,,,,,,,UNKNOWN,,,,,,,,,SAFE,,,
2026-05-12 11:21:47,30,7,0,72.28,10.92,60.23,95.69,846.96,113.28,164.12,66.67,0.133747,117.65,-0.5992,-0.3779,107.59,118.69,0.9064,2.2359,0.2857,0.1429,152.15,1.4488,0.0,0.0,0.0,,,,,,,,,UNKNOWN,,,,,,,,,SAFE,,,
2026-05-12 11:21:52,30,13,0,68.94,9.69,58.96,95.69,885.29,107.76,122.15,58.33,0.121719,143.5,-0.807,0.0819,85.85,125.91,0.6818,2.4493,0.2308,0.0769,121.41,1.1335,0.0,0.0,0.0,,,,,,,,,UNKNOWN,,,,,,,,,SAFE,,,
2026-05-12 11:21:57,30,18,0,69.08,8.57,58.96,95.69,880.31,96.35,105.18,47.06,0.109448,136.95,-0.7251,0.3875,73.48,114.75,0.6403,2.6416,0.1667,0.1111,103.91,1.0917,0.0,0.0,0.0,,,,,,,,,UNKNOWN,,,,,,,,,SAFE,,,
2026-05-12 11:22:02,30,24,0,67.37,8.01,58.96,95.69,901.28,91.41,91.49,39.13,0.101418,111.55,-1.1209,1.0645,63.89,112.38,0.5685,2.5902,0.125,0.1667,90.35,1.001,0.0,0.0,0.0,,,,,,,,,UNKNOWN,,,,,,,,,SAFE,,,
2026-05-12 11:22:07,30,27,0,67.88,6.57,58.96,81.49,891.96,83.1,49.15,34.62,0.093164,143.05,-0.2973,-1.1973,34.73,112.27,0.3093,3.0973,0.1852,0.2222,49.12,0.5915,0.0,0.0,0.0,,,,,,,,,UNKNOWN,,,,,,,,,SAFE,,,
2026-05-12 11:22:12,30,32,0,67.07,7.27,54.32,81.49,904.9,95.71,75.06,38.71,0.105766,154.05,-0.0702,-0.8922,52.97,124.56,0.4253,3.1647,0.1562,0.2188,74.91,0.7843,0.0,0.0,0.0,,,,,,,,,UNKNOWN,,,,,,,,,SAFE,,,
2026-05-12 11:22:17,30,33,108,66.75,7.19,54.32,81.49,909.02,94.23,73.33,37.5,0.103662,148.5,-0.1935,-0.8228,51.6,122.87,0.42,3.0859,0.1515,0.2121,72.98,0.7782,0.0,0.0,0.0,1022.66,10.3,1052.45,98.99,10.82,11.74,8.77,1045941.06,REST,0,0,0,0,0,0.0,0.0,0.0,SAFE,100,,
2026-05-12 11:22:22,30,31,252,66.9,8.6,42.55,81.49,913.42,131.8,116.01,40.0,0.144295,153.8,1.5204,4.1716,80.72,168.01,0.4804,2.4493,0.0968,0.1613,114.16,0.8802,0.0,0.0,0.0,1024.43,15.99,1098.92,145.45,44.8,35.95,202.78,1049718.24,REST,0,0,0,0,0,0.0,0.0,0.0,SAFE,100,,
2026-05-12 11:22:27,30,32,360,64.54,9.63,42.55,81.49,952.17,154.22,119.3,51.61,0.161971,146.45,1.0019,1.1956,84.36,201.13,0.4194,2.7915,0.125,0.1875,119.3,0.7736,0.0,0.0,0.0,1026.08,22.66,1153.54,203.1,62.8,46.75,270.17,1053363.22,SLOW_WALK,0,0,0,0,0,0.0,0.0,0.0,SAFE,115,,
2026-05-12 11:22:32,30,32,504,66.64,10.18,42.55,81.49,924.8,162.87,118.99,48.39,0.176112,198.98,1.2366,1.1494,84.09,214.43,0.3921,2.7719,0.1562,0.125,118.92,0.7306,0.0,0.0,0.0,1027.25,48.72,1340.58,595.12,70.51,113.42,279.83,1057614.15,SLOW_WALK,0,0,0,0,0,0.0,0.0,0.0,SAFE,115,,
2026-05-12 11:22:37,30,34,612,67.92,10.52,42.55,79.89,908.57,165.62,113.84,39.39,0.182287,202.12,1.3063,1.1952,80.5,219.96,0.366,2.6045,0.1471,0.0,113.84,0.6874,0.0,0.0,0.0,1027.41,46.25,1340.58,595.12,67.8,130.33,270.3,1057712.35,SLOW_WALK,0,0,0,0,0,0.0,0.0,0.0,SAFE,115,,
2026-05-12 11:22:42,30,36,752,71.65,11.16,42.55,89.43,862.96,167.58,95.27,28.57,0.194194,173.6,1.6796,2.4199,67.11,227.29,0.2953,2.4694,0.1389,0.0278,94.91,0.5685,0.0,0.0,0.0,1029.96,73.4,1550.08,873.68,86.21,140.59,257.61,1066198.7,SLOW_WALK,0,0,0,0,0,0.0,0.0,0.0,SAFE,115,,
2026-05-12 11:22:47,30,38,732,76.87,13.46,42.55,95.1,811.45,181.76,90.18,21.62,0.224,142.12,1.7354,2.631,63.72,249.03,0.2559,2.4645,0.1316,0.0,90.12,0.4961,0.0,0.0,0.0,1032.94,102.07,1550.08,883.6,105.78,148.52,201.74,1077382.78,WALK,0,0,0,0,0,0.0,0.0,0.0,SAFE,130,,
2026-05-12 11:22:52,30,40,749,79.42,12.34,45.61,95.1,778.57,152.42,36.19,12.82,0.195776,128.38,1.8249,3.2537,23.8,214.24,0.1111,2.44,0.125,0.0,33.66,0.2374,0.0,0.0,0.0,1035.62,119.01,1550.08,883.6,117.76,153.06,114.37,1086667.05,WALK,0,0,0,0,0,0.0,0.0,0.0,SAFE,130,,
2026-05-12 11:22:57,30,40,731,81.62,8.4,68.49,95.1,742.83,75.45,20.09,2.56,0.101571,128.38,-0.0083,-1.1932,14.19,105.75,0.1342,3.1153,0.225,0.275,20.06,0.2663,0.0,0.0,0.0,1035.39,123.99,1550.08,883.6,122.63,160.96,117.66,1087396.64,WALK,0,0,0,0,0,0.0,0.0,0.0,SAFE,130,,
2026-05-12 11:23:32,30,39,742,78.86,9.73,64.0,97.37,772.98,98.86,74.92,16.22,0.127894,193.42,0.4195,-1.1729,52.95,129.39,0.4092,2.9472,0.2632,0.1579,74.89,0.7579,0.0,0.0,0.0,1013.19,108.27,1955.57,1266.38,284.35,213.63,413.38,1038279.52,WALK,0,0,0,0,0,0.0,0.0,0.0,SAFE,130,,
2026-05-12 11:24:08,30,35,754,72.77,9.54,60.71,97.21,837.1,97.05,48.58,29.41,0.11594,113.3,-0.7336,0.0193,33.91,133.0,0.2549,3.0454,0.1714,0.1429,47.95,0.5006,0.0,0.0,0.0,1022.47,53.63,1561.58,888.61,183.71,121.25,163.36,1048327.68,SLOW_WALK,0,0,0,0,0,0.0,0.0,0.0,SAFE,115,,
2026-05-12 11:24:13,30,36,736,71.07,5.87,60.71,82.25,850.06,70.76,48.07,28.57,0.083237,115.25,0.2154,-0.983,33.96,94.13,0.3607,3.2325,0.2222,0.2222,48.02,0.6794,0.0,0.0,0.0,1023.9,64.32,1561.58,888.61,193.46,164.86,217.95,1052514.21,SLOW_WALK,0,0,0,0,0,0.0,0.0,0.0,SAFE,115,,
2026-05-12 11:24:18,30,38,752,78.0,19.88,60.71,178.62,800.37,132.47,83.82,30.56,0.165507,164.1,-1.1257,2.012,59.19,177.74,0.333,2.6171,0.1622,0.1351,83.7,0.6327,0.0,0.0,0.0,1026.6,72.49,1561.58,888.61,199.73,211.39,252.51,1059157.5,SLOW_WALK,0,0,0,0,0,0.0,0.0,0.0,SAFE,115,,
2026-05-12 11:24:23,30,40,733,81.0,20.29,60.71,178.62,773.88,142.91,79.8,26.32,0.184668,237.8,-0.5561,0.2248,56.35,194.09,0.2903,2.6173,0.2051,0.1795,79.69,0.5584,0.0,0.0,0.0,1028.19,77.43,1561.58,888.61,205.95,210.45,273.7,1063163.84,SLOW_WALK,0,0,0,0,0,0.0,0.0,0.0,SAFE,115,,
2026-05-12 11:24:28,30,40,750,81.64,19.88,61.44,178.62,765.54,135.81,82.35,28.95,0.177399,224.6,-0.6274,0.5224,58.23,183.02,0.3181,2.6503,0.2051,0.1795,82.34,0.6064,0.0,0.0,0.0,1029.35,77.28,1561.58,888.61,205.38,200.0,287.84,1065524.55,SLOW_WALK,0,0,0,0,0,0.0,0.0,0.0,SAFE,115,,
2026-05-12 11:24:33,30,41,731,82.67,19.2,61.44,178.62,753.38,128.4,81.14,28.21,0.170432,185.32,-0.566,0.8715,57.33,172.3,0.3327,2.633,0.25,0.175,81.08,0.6319,0.0,0.0,0.0,1029.68,84.1,1561.58,888.61,221.64,180.07,335.23,1067321.94,WALK,0,0,0,0,0,0.0,0.0,0.0,SAFE,130,,
2026-05-12 11:24:38,30,42,748,84.63,17.96,61.44,178.62,730.99,112.9,76.07,20.0,0.154443,103.5,-0.5371,2.1753,53.78,150.33,0.3577,2.372,0.1463,0.1707,76.05,0.6738,0.0,0.0,0.0,1029.65,66.77,1555.88,767.58,108.0,139.28,266.01,1064630.81,SLOW_WALK,0,0,0,0,0,0.0,0.0,0.0,SAFE,115,,
2026-05-12 11:24:43,30,40,730,84.84,18.32,61.44,178.62,730.07,114.84,77.76,21.05,0.157305,108.4,-0.5154,2.0605,54.95,152.83,0.3595,2.3236,0.1538,0.1538,77.71,0.6771,0.0,0.0,0.0,1024.93,56.93,1304.82,516.51,167.98,135.3,378.48,1053715.94,SLOW_WALK,0,0,0,0,0,0.0,0.0,0.0,SAFE,115,,
2026-05-12 11:24:48,30,39,746,79.76,8.84,61.44,99.59,761.65,85.37,38.11,15.79,0.112084,71.3,0.427,0.1218,26.67,117.75,0.2265,2.803,0.1538,0.1282,37.72,0.4464,0.0,0.0,0.0,1018.26,50.78,1304.82,516.51,229.03,117.11,460.87,1039432.22,SLOW_WALK,0,0,0,0,0,0.0,0.0,0.0,SAFE,115,,
2026-05-12 11:24:53,30,39,728,75.33,6.64,61.44,86.91,802.96,73.47,37.24,13.16,0.091495,126.9,0.5262,-0.9148,26.22,100.53,0.2608,3.0161,0.2308,0.1538,37.09,0.5068,0.0,0.0,0.0,1012.3,45.6,1304.82,480.63,238.49,110.68,444.2,1026828.45,SLOW_WALK,0,0,0,0,0,0.0,0.0,0.0,SAFE,115,,
2026-05-12 11:24:58,30,38,744,75.28,6.71,62.82,86.91,803.66,74.15,30.24,13.51,0.092267,132.75,0.4734,-1.0745,21.35,102.67,0.208,3.139,0.2368,0.1579,30.2,0.4078,0.0,0.0,0.0,1006.51,42.98,1304.82,480.63,229.73,93.47,353.22,1014913.73,SLOW_WALK,0,0,0,0,0,0.0,0.0,0.0,SAFE,115,,
2026-05-12 11:25:03,30,37,726,74.59,6.66,62.82,83.82,811.08,75.13,30.8,13.89,0.092624,129.9,0.4876,-1.1587,21.77,103.99,0.2093,3.0612,0.2162,0.2162,30.78,0.41,0.0,0.0,0.0,1001.96,31.89,1304.82,474.25,189.7,73.97,268.26,1004932.54,SLOW_WALK,0,0,0,0,0,0.0,0.0,0.0,SAFE,115,,
2026-05-12 11:25:08,30,36,743,73.99,6.31,62.82,83.82,817.06,71.94,31.67,14.29,0.088042,117.38,0.4577,-1.1002,22.39,99.24,0.2256,3.093,0.2222,0.1667,31.67,0.4403,0.0,0.0,0.0,997.48,17.54,1152.26,235.66,88.6,35.92,64.75,995277.33,REST,0,0,0,0,0,0.0,0.0,0.0,SAFE,100,,
2026-05-12 11:25:13,30,36,759,73.84,6.59,62.82,86.05,819.15,73.69,35.17,17.14,0.089961,111.53,0.2094,-1.0376,24.86,101.21,0.2456,3.1532,0.2222,0.1667,35.16,0.4772,0.0,0.0,0.0,996.36,14.94,1152.26,235.66,70.99,26.36,44.68,992961.73,REST,0,0,0,0,0,0.0,0.0,0.0,SAFE,100,,
2026-05-12 11:25:18,30,37,741,73.56,6.53,62.82,86.05,822.14,72.75,36.25,16.67,0.088493,118.1,0.0869,-1.0055,25.55,99.67,0.2564,3.1418,0.1892,0.1622,36.13,0.4982,0.0,0.0,0.0,995.47,15.1,1152.26,235.66,71.12,57.92,43.25,991185.21,REST,0,0,0,0,0,0.0,0.0,0.0,SAFE,100,,
2026-05-12 11:25:23,30,37,758,74.44,6.39,62.82,86.05,812.14,71.05,35.67,13.89,0.087488,96.7,0.3662,-0.7812,25.2,97.27,0.259,2.9047,0.1892,0.1351,35.64,0.5021,0.0,0.0,0.0,994.93,14.27,1152.26,235.66,43.69,76.83,31.6,990083.75,REST,0,0,0,0,0,0.0,0.0,0.0,SAFE,100,,
2026-05-12 11:25:28,30,38,740,75.43,5.35,64.27,86.05,799.45,57.33,33.61,10.81,0.071709,80.52,0.3355,-0.2146,23.64,77.55,0.3048,3.0263,0.1053,0.1316,33.43,0.5864,0.0,0.0,0.0,993.57,11.23,1061.94,109.34,26.17,75.96,21.7,987306.37,REST,0,0,0,0,0,0.0,0.0,0.0,SAFE,100,,
2026-05-12 11:25:33,30,37,756,75.26,5.04,66.64,86.05,800.76,52.53,31.6,8.33,0.065604,81.0,-0.1888,-0.6905,22.27,70.88,0.3141,3.172,0.1351,0.1892,31.49,0.6015,0.0,0.0,0.0,993.05,10.55,1061.94,109.34,24.42,70.49,20.47,986249.78,REST,0,0,0,0,0,0.0,0.0,0.0,SAFE,100,,
2026-05-12 11:25:38,30,37,737,73.36,4.68,65.08,86.05,821.16,50.67,34.23,13.89,0.06171,46.9,-0.3325,0.2047,24.09,67.49,0.3569,2.8637,0.1351,0.1622,34.07,0.6755,0.0,0.0,0.0,992.64,10.28,1051.81,96.32,22.4,58.9,19.73,985441.0,REST,0,0,0,0,0,0.0,0.0,0.0,SAFE,100,,
2026-05-12 11:25:43,30,36,755,72.84,3.79,65.08,80.21,825.93,43.39,32.21,14.29,0.052535,47.13,0.2878,-0.3105,22.77,56.98,0.3997,3.0402,0.1389,0.1667,32.21,0.7423,0.0,0.0,0.0,992.35,10.61,1046.05,90.56,21.56,37.29,19.67,984879.44,REST,0,0,0,0,0,0.0,0.0,0.0,SAFE,100,,
2026-05-12 11:25:48,30,36,735,72.2,4.24,63.4,80.21,833.96,49.86,36.8,20.0,0.059782,67.63,0.407,-0.6215,26.0,65.54,0.3968,3.1626,0.1944,0.1389,36.78,0.7382,0.0,0.0,0.0,993.82,19.59,1149.73,293.27,65.9,79.44,75.86,988061.57,REST,0,0,0,0,0,0.0,0.0,0.0,SAFE,100,,
2026-05-12 11:25:53,30,36,753,73.12,4.49,63.4,79.59,823.76,52.23,33.76,17.14,0.063406,68.83,0.6322,-0.4794,23.83,69.92,0.3408,3.0538,0.1667,0.1667,33.7,0.6464,0.0,0.0,0.0,993.74,19.53,1149.73,293.27,65.96,75.15,75.54,987894.77,REST,0,0,0,0,0,0.0,0.0,0.0,SAFE,100,,
2026-05-12 11:25:58,30,37,735,74.2,5.14,63.4,82.92,812.69,58.5,33.77,16.67,0.071989,83.0,0.643,-0.6399,23.85,79.23,0.3011,3.1411,0.1622,0.1351,33.73,0.5773,0.0,0.0,0.0,993.89,19.46,1149.73,293.27,66.42,72.46,76.29,988204.56,REST,0,0,0,0,0,0.0,0.0,0.0,SAFE,100,,
2026-05-12 11:26:03,30,38,752,74.43,4.91,63.4,82.92,809.83,55.75,33.86,13.51,0.068842,75.95,0.7625,-0.2426,23.88,75.14,0.3179,3.0837,0.1842,0.1316,33.78,0.6074,0.0,0.0,0.0,998.62,23.22,1149.73,293.27,123.53,134.57,161.66,997778.14,SLOW_WALK,0,0,0,0,0,0.0,0.0,0.0,SAFE,115,,
2026-05-12 11:26:08,30,37,732,75.56,4.9,63.4,82.92,797.62,54.25,36.36,11.11,0.068009,84.9,0.8495,0.1017,25.7,72.28,0.3556,3.0099,0.1622,0.1622,36.35,0.6703,0.0,0.0,0.0,1002.72,25.51,1149.73,293.27,144.63,163.24,206.87,1006104.77,SLOW_WALK,0,0,0,0,0,0.0,0.0,0.0,SAFE,115,,
2026-05-12 11:26:13,30,38,750,74.67,7.67,38.52,82.92,816.66,133.06,130.47,13.51,0.162934,83.7,4.5232,22.3747,91.35,164.52,0.5552,1.2659,0.0263,0.0,129.18,0.9805,0.0,0.0,0.0,1009.63,26.38,1149.73,293.27,152.96,195.92,269.9,1020041.95,SLOW_WALK,0,0,0,0,0,0.0,0.0,0.0,SAFE,115,,
2026-05-12 11:26:18,30,38,730,77.71,8.58,38.52,92.95,786.52,137.62,183.29,13.51,0.174971,66.62,4.5452,23.0303,129.58,145.21,0.8924,1.5383,0.0263,0.0263,183.26,1.3319,0.0,0.0,0.0,1013.59,21.43,1074.87,136.29,155.76,198.6,275.38,1027822.74,SLOW_WALK,0,0,0,0,0,0.0,0.0,0.0,SAFE,115,,
2026-05-12 11:26:23,30,39,748,78.64,9.08,38.52,92.95,778.22,139.56,181.23,15.79,0.179329,75.25,4.3769,22.0443,128.15,150.1,0.8538,1.5964,0.0256,0.0,181.23,1.2986,0.0,0.0,0.0,1019.74,19.6,1079.83,141.25,135.5,198.76,277.75,1040263.57,REST,0,0,0,0,0,0.0,0.0,0.0,SAFE,100,,
2026-05-12 11:26:28,30,38,729,77.49,9.42,38.52,92.95,790.48,141.77,184.02,18.92,0.17935,103.52,4.0357,19.6965,130.12,152.54,0.8531,1.7051,0.0263,0.0263,184.02,1.298,0.0,0.0,0.0,1026.0,15.94,1079.83,141.25,60.05,169.35,211.43,1052921.52,REST,0,0,0,0,0,0.0,0.0,0.0,SAFE,100,,
2026-05-12 11:26:33,30,39,746,79.15,9.36,38.52,92.95,773.76,141.28,181.25,15.79,0.182584,111.85,4.2896,21.3918,128.13,153.3,0.8358,1.6331,0.0256,0.0,181.21,1.2829,0.0,0.0,0.0,1027.44,13.2,1079.83,116.65,58.29,172.19,183.2,1055815.66,REST,0,0,0,0,0,0.0,0.0,0.0,SAFE,100,,
2026-05-12 11:26:38,30,40,727,80.4,9.1,38.52,92.95,761.2,139.39,178.19,15.38,0.183114,97.95,4.5992,23.7086,126.0,151.6,0.8311,1.4959,0.025,0.0,178.19,1.2784,0.0,0.0,0.0,1029.63,28.45,1508.23,587.56,56.48,186.19,160.53,1060941.68,SLOW_WALK,0,0,0,0,0,0.0,0.0,0.0,SAFE,115,,
2026-05-12 11:26:43,30,40,745,81.42,6.09,70.95,92.95,741.06,55.33,27.17,10.26,0.074661,85.25,0.0938,-1.0128,19.21,75.85,0.2533,3.2099,0.175,0.2,27.17,0.4911,0.0,0.0,0.0,1030.23,32.64,1508.23,601.92,50.95,174.35,171.68,1062437.71,SLOW_WALK,0,0,0,0,0,0.0,0.0,0.0,SAFE,115,,
2026-05-12 11:26:48,30,40,725,79.54,5.47,70.95,91.98,757.86,50.99,27.86,7.69,0.067277,79.15,-0.2211,-0.9616,19.62,69.39,0.2827,3.1118,0.2,0.225,27.74,0.5465,0.0,0.0,0.0,1030.64,36.69,1508.23,601.92,43.01,161.02,136.78,1063557.45,SLOW_WALK,0,0,0,0,0,0.0,0.0,0.0,SAFE,115,,
2026-05-12 11:26:53,30,40,742,79.57,5.19,70.95,88.27,757.27,49.23,25.22,5.13,0.065014,82.55,0.0216,-1.229,17.75,67.33,0.2637,3.1985,0.225,0.225,25.11,0.5123,0.0,0.0,0.0,1030.98,47.98,1508.23,765.6,57.4,155.89,196.95,1065228.52,SLOW_WALK,0,0,0,0,0,0.0,0.0,0.0,SAFE,115,,
2026-05-12 11:26:58,30,40,760,80.69,4.45,72.46,88.27,745.9,41.32,26.33,7.69,0.055391,61.55,0.1325,-1.0662,18.61,55.39,0.3359,3.1807,0.15,0.175,26.31,0.6374,0.0,0.0,0.0,1029.1,47.46,1508.23,765.6,57.18,154.48,205.44,1061294.73,SLOW_WALK,0,0,0,0,0,0.0,0.0,0.0,SAFE,115,,
2026-05-12 11:27:03,30,39,740,79.26,4.75,70.13,88.27,759.69,45.57,28.42,10.53,0.059984,74.25,0.102,-1.0182,20.04,61.25,0.3272,3.1054,0.2051,0.2308,28.34,0.6236,0.0,0.0,0.0,1028.46,48.01,1508.23,765.6,57.93,151.41,205.76,1060039.1,SLOW_WALK,0,0,0,0,0,0.0,0.0,0.0,SAFE,115,,
2026-05-12 11:27:08,30,37,759,77.16,5.41,61.38,88.27,781.56,57.27,42.83,13.89,0.073278,78.1,0.9148,1.9551,30.24,75.13,0.4025,2.6232,0.1081,0.1622,42.77,0.7478,0.0,0.0,0.0,1026.43,41.49,1329.03,613.99,51.13,132.36,200.39,1055283.88,SLOW_WALK,0,0,0,0,0,0.0,0.0,0.0,SAFE,115,,
2026-05-12 11:27:13,30,37,739,74.81,7.82,57.58,88.27,811.47,91.54,49.72,19.44,0.112802,109.3,0.9292,0.2281,35.09,124.6,0.2816,2.9493,0.1622,0.1351,49.62,0.5432,0.0,0.0,0.0,1024.83,46.14,1401.69,686.65,53.22,101.35,160.73,1052403.97,SLOW_WALK,0,0,0,0,0,0.0,0.0,0.0,SAFE,115,,
2026-05-12 11:27:18,30,36,756,74.28,8.01,57.58,88.27,817.68,93.2,51.19,22.86,0.113976,124.7,0.7257,-0.1281,36.14,126.75,0.2852,3.0245,0.1389,0.1667,51.11,0.5493,0.0,0.0,0.0,1023.22,30.86,1401.69,686.65,31.71,76.91,86.35,1047935.25,SLOW_WALK,0,0,0,0,0,0.0,0.0,0.0,SAFE,115,,
2026-05-12 11:27:23,30,34,737,70.83,7.96,52.29,83.02,858.94,106.67,70.22,27.27,0.124188,122.35,1.0919,0.594,48.97,142.68,0.3432,2.8546,0.1765,0.1176,69.26,0.6583,0.0,0.0,0.0,1022.96,29.01,1401.69,686.65,29.72,56.64,47.83,1047289.07,SLOW_WALK,0,0,0,0,0,0.0,0.0,0.0,SAFE,115,,
2026-05-12 11:27:28,30,33,753,67.22,7.82,52.29,78.27,905.39,110.74,71.06,28.12,0.122311,202.1,0.5566,-0.9261,50.12,148.37,0.3378,3.0631,0.2424,0.1818,70.88,0.6417,0.0,0.0,0.0,1023.0,28.68,1401.69,686.65,29.36,55.35,46.91,1047355.99,SLOW_WALK,0,0,0,0,0,0.0,0.0,0.0,SAFE,115,,
2026-05-12 11:27:33,30,31,735,65.17,7.59,52.29,78.27,933.15,108.17,76.04,33.33,0.115921,169.0,0.1057,-1.0927,53.65,143.26,0.3745,3.1486,0.2258,0.2258,75.88,0.703,0.0,0.0,0.0,1023.38,29.0,1401.69,686.65,29.66,55.16,45.94,1048156.67,SLOW_WALK,0,0,0,0,0,0.0,0.0,0.0,SAFE,115,,
2026-05-12 11:27:38,30,32,752,64.1,7.63,52.29,78.27,949.15,110.95,79.84,41.94,0.116896,182.4,-0.0004,-1.1086,56.42,146.42,0.3853,3.0939,0.125,0.2188,79.79,0.7196,0.0,0.0,0.0,1023.19,18.06,1401.69,547.24,17.86,20.98,31.51,1047238.0,REST,0,0,0,0,0,0.0,0.0,0.0,SAFE,100,,
2026-05-12 11:27:43,30,32,733,64.91,7.97,52.29,78.27,938.44,115.51,82.5,51.61,0.123086,212.17,0.1508,-1.2306,58.19,152.64,0.3812,3.0519,0.125,0.25,82.29,0.7142,0.0,0.0,0.0,1022.92,4.89,1071.36,76.73,5.79,15.62,20.75,1046390.69,REST,0,0,0,0,0,0.0,0.0,0.0,SAFE,100,,
2026-05-12 11:27:48,30,31,750,62.82,6.93,52.29,77.09,966.29,101.98,83.75,53.33,0.105542,141.1,-0.2273,-0.7456,59.06,131.58,0.4489,2.8806,0.129,0.1935,83.52,0.8212,0.0,0.0,0.0,1022.71,4.53,1048.43,53.8,4.57,12.29,18.92,1045953.91,REST,0,0,0,0,0,0.0,0.0,0.0,SAFE,100,,
2026-05-12 11:27:53,30,31,732,62.58,5.84,52.38,75.58,966.83,86.32,78.32,56.67,0.089281,115.3,-0.2901,-0.4556,55.38,108.79,0.509,3.0372,0.0968,0.129,78.32,0.9073,0.0,0.0,0.0,1022.63,4.23,1048.43,53.8,4.34,11.68,19.27,1045783.01,REST,0,0,0,0,0,0.0,0.0,0.0,SAFE,100,,
2026-05-12 11:27:58,30,31,748,63.66,6.08,52.38,75.58,951.05,89.26,83.25,66.67,0.093856,103.0,0.0187,-0.5179,58.57,111.82,0.5238,3.0345,0.1935,0.1613,82.83,0.9326,0.0,0.0,0.0,1022.38,3.84,1048.43,53.8,3.97,10.66,18.99,1045269.08,REST,0,0,0,0,0,0.0,0.0,0.0,SAFE,100,,
2026-05-12 11:28:03,30,32,730,63.32,6.58,52.33,75.58,957.8,99.15,82.37,67.74,0.103521,121.83,0.1522,-0.7574,58.15,127.6,0.4557,3.0651,0.1562,0.1875,82.23,0.8308,0.0,0.0,0.0,1022.12,3.45,1048.43,53.8,3.51,9.11,15.89,1044745.28,REST,0,0,0,0,0,0.0,0.0,0.0,SAFE,100,,
2026-05-12 11:28:08,30,31,746,63.27,5.9,52.33,75.29,956.53,89.05,79.8,66.67,0.093093,117.15,0.1766,-0.5362,56.32,112.64,0.5,3.1031,0.1613,0.129,79.64,0.8962,0.0,0.0,0.0,1021.67,4.63,1057.17,102.86,4.77,9.03,14.72,1043831.53,REST,0,0,0,0,0,0.0,0.0,0.0,SAFE,100,,
2026-05-12 11:28:13,30,30,728,61.38,5.49,52.33,74.75,985.22,86.47,79.27,55.17,0.087762,117.7,-0.0414,-0.7746,55.99,108.71,0.515,3.0859,0.2333,0.2,79.18,0.9168,0.0,0.0,0.0,1021.54,4.7,1057.17,102.86,4.85,8.56,16.08,1043566.49,REST,0,0,0,0,0,0.0,0.0,0.0,SAFE,100,,
2026-05-12 11:28:18,30,31,745,61.8,5.58,52.33,74.75,978.74,88.29,85.46,60.0,0.090209,125.05,0.1295,-0.9686,60.43,109.27,0.553,3.0142,0.2258,0.1935,85.46,0.9679,0.0,0.0,0.0,1021.36,4.38,1057.17,102.86,4.52,8.41,15.88,1043198.32,REST,0,0,0,0,0,0.0,0.0,0.0,SAFE,100,,
2026-05-12 11:28:23,30,31,727,63.05,6.38,52.33,75.48,961.44,97.29,79.54,56.67,0.101195,156.25,0.1411,-1.0214,56.01,125.68,0.4457,3.1644,0.1935,0.1613,79.21,0.8175,0.0,0.0,0.0,1021.09,4.42,1057.17,102.86,4.55,8.54,15.98,1042652.96,REST,0,0,0,0,0,0.0,0.0,0.0,SAFE,100,,
2026-05-12 11:28:28,30,31,742,62.72,6.08,52.33,75.48,965.66,93.49,81.93,53.33,0.096811,137.2,0.1315,-0.9647,57.87,118.87,0.4869,3.2046,0.1935,0.1613,81.84,0.8763,0.0,0.0,0.0,1020.91,4.36,1057.17,102.86,4.48,8.6,15.9,1042268.63,REST,0,0,0,0,0,0.0,0.0,0.0,SAFE,100,,
2026-05-12 11:28:33,30,32,760,64.25,5.81,53.85,75.48,941.53,85.92,75.13,48.39,0.09126,139.38,0.2395,-0.8797,52.94,109.38,0.484,3.1678,0.1875,0.1875,74.87,0.8744,0.0,0.0,0.0,1020.72,2.74,1053.27,58.65,2.68,7.96,11.52,1041874.72,REST,0,0,0,0,0,0.0,0.0,0.0,SAFE,100,,
2026-05-12 11:28:38,30,32,740,63.65,6.3,52.33,75.48,951.94,94.81,78.1,51.61,0.099598,162.35,0.2166,-0.962,55.14,122.22,0.4512,3.1551,0.1875,0.2188,77.98,0.8238,0.0,0.0,0.0,1020.68,2.23,1053.27,48.35,2.12,4.58,10.28,1041785.32,REST,0,0,0,0,0,0.0,0.0,0.0,SAFE,100,,
2026-05-12 11:28:43,30,32,758,64.08,5.84,52.33,75.48,944.16,86.12,72.19,45.16,0.091211,141.55,0.1827,-0.6567,51.0,110.6,0.4611,3.0506,0.1875,0.2188,72.12,0.8382,0.0,0.0,0.0,1020.57,1.6,1029.66,19.94,1.39,3.61,8.91,1041575.31,REST,0,0,0,0,0,0.0,0.0,0.0,SAFE,100,,
2026-05-12 11:28:48,30,30,739,63.13,6.5,52.33,75.48,960.36,96.81,75.19,51.72,0.100802,174.33,-0.0847,-1.1358,53.04,126.21,0.4202,3.1656,0.1667,0.2667,75.01,0.7767,0.0,0.0,0.0,1020.49,1.44,1024.94,12.65,1.16,2.97,8.21,1041408.53,REST,0,0,0,0,0,0.0,0.0,0.0,SAFE,100,,
2026-05-12 11:28:53,30,30,755,60.78,5.71,52.33,74.03,995.32,87.57,76.17,55.17,0.087987,92.22,-0.5686,-0.5802,53.63,111.64,0.4804,3.1078,0.1667,0.2,75.84,0.8698,0.0,0.0,0.0,1020.42,1.41,1024.94,12.65,1.13,3.05,8.36,1041267.96,REST,0,0,0,0,0,0.0,0.0,0.0,SAFE,100,,
2026-05-12 11:28:58,30,30,737,59.89,5.48,52.33,74.03,1009.55,84.31,68.07,48.28,0.083515,84.95,-0.9074,-0.0339,48.13,109.09,0.4412,2.9232,0.0667,0.1667,68.07,0.8074,0.0,0.0,0.0,1020.35,1.37,1024.94,12.65,1.13,3.3,8.25,1041124.52,REST,0,0,0,0,0,0.0,0.0,0.0,SAFE,100,,
2026-05-12 11:29:03,30,29,754,59.09,4.83,52.33,75.2,1021.43,74.64,76.65,53.57,0.073078,77.1,-1.2365,1.4828,54.18,90.6,0.598,2.6259,0.069,0.1379,76.62,1.0268,0.0,0.0,0.0,1020.84,4.01,1062.85,64.47,5.32,10.11,36.48,1042123.28,REST,0,0,0,0,0,0.0,0.0,0.0,SAFE,100,,
2026-05-12 11:29:08,30,30,735,59.48,4.47,53.89,75.2,1013.97,69.84,74.42,48.28,0.068875,84.03,-0.9746,0.9965,52.6,83.59,0.6293,2.8151,0.1333,0.1667,74.39,1.0656,0.0,0.0,0.0,1021.67,5.11,1062.85,64.47,7.42,16.4,54.05,1043830.99,REST,0,0,0,0,0,0.0,0.0,0.0,SAFE,100,,
2026-05-12 11:29:13,30,30,752,61.17,5.75,53.89,75.2,989.1,88.23,75.36,51.72,0.089201,150.15,-0.4338,-0.9018,52.88,113.01,0.4679,3.0729,0.1667,0.1667,74.78,0.8542,0.0,0.0,0.0,1022.98,5.84,1062.85,64.47,8.47,22.33,64.62,1046522.07,REST,0,0,0,0,0,0.0,0.0,0.0,SAFE,100,,
2026-05-12 11:29:18,30,32,734,62.01,5.45,53.89,75.2,974.85,83.3,73.53,48.39,0.08545,142.12,-0.1676,-0.8702,51.98,105.72,0.4916,3.1512,0.2188,0.1875,73.5,0.8826,0.0,0.0,0.0,1023.83,7.31,1067.38,86.65,9.82,25.58,65.89,1048282.76,REST,0,0,0,0,0,0.0,0.0,0.0,SAFE,100,,
2026-05-12 11:29:23,30,32,750,63.19,5.17,53.89,75.2,955.87,77.82,74.02,45.16,0.081412,105.5,0.1079,-0.7436,52.33,96.81,0.5405,3.1647,0.2188,0.125,74.01,0.9512,0.0,0.0,0.0,1024.75,7.32,1067.38,86.65,10.05,25.21,60.04,1050162.48,REST,0,0,0,0,0,0.0,0.0,0.0,SAFE,100,,
2026-05-12 11:29:28,30,32,732,64.21,4.67,53.89,75.2,939.36,68.76,78.6,51.61,0.073201,97.17,0.2919,-0.1647,55.52,79.84,0.6954,2.9567,0.1875,0.125,78.51,1.143,0.0,0.0,0.0,1025.78,7.24,1067.38,86.65,8.93,23.47,39.83,1052284.4,REST,0,0,0,0,0,0.0,0.0,0.0,SAFE,100,,
2026-05-12 11:29:33,30,32,749,63.78,5.93,46.86,72.89,949.86,98.37,103.32,41.94,0.103568,117.65,1.4109,2.2729,73.05,118.4,0.617,2.6482,0.125,0.125,103.31,1.0502,0.0,0.0,0.0,1026.32,6.42,1067.38,86.65,7.26,17.02,21.58,1053366.69,REST,0,0,0,0,0,0.0,0.0,0.0,SAFE,100,,
2026-05-12 11:29:38,30,30,730,63.18,6.5,46.86,72.89,960.61,107.04,104.42,44.83,0.111429,142.12,0.9998,0.7154,73.63,132.26,0.5567,2.7349,0.1333,0.1333,104.13,0.9755,0.0,0.0,0.0,1026.43,6.12,1067.38,86.65,6.83,15.29,18.24,1053595.38,REST,0,0,0,0,0,0.0,0.0,0.0,SAFE,100,,
2026-05-12 11:29:43,30,31,748,61.62,6.24,46.86,72.8,984.16,104.58,107.73,43.33,0.106266,139.15,0.7099,0.1759,76.1,126.82,0.6001,2.8517,0.1935,0.1613,107.62,1.0301,0.0,0.0,0.0,1025.81,7.59,1068.15,91.6,9.38,18.92,35.46,1052352.57,REST,0,0,0,0,0,0.0,0.0,0.0,SAFE,100,,
2026-05-12 11:29:48,30,30,728,62.18,6.77,46.86,76.04,976.87,110.85,108.4,48.28,0.113472,146.75,0.6297,0.0529,76.61,136.76,0.5602,2.9396,0.2,0.1333,108.35,0.9779,0.0,0.0,0.0,1025.22,7.83,1077.38,100.83,10.74,14.02,49.92,1051145.45,REST,0,0,0,0,0,0.0,0.0,0.0,SAFE,100,,
2026-05-12 11:29:53,30,31,745,62.53,7.08,46.86,76.04,972.45,114.36,113.93,53.33,0.117604,165.1,0.5716,-0.1559,80.54,140.25,0.5743,2.9984,0.1935,0.1613,113.9,0.9962,0.0,0.0,0.0,1024.93,8.82,1077.38,104.94,11.09,50.47,56.59,1050560.84,REST,0,0,0,0,0,0.0,0.0,0.0,SAFE,100,,
2026-05-12 11:29:58,30,31,727,62.44,6.99,46.86,76.04,973.45,113.09,113.13,53.33,0.116173,153.85,0.5803,-0.0652,79.98,138.5,0.5775,3.0078,0.1935,0.1613,113.11,1.0004,0.0,0.0,0.0,1024.12,8.85,1077.38,104.94,11.22,50.63,56.69,1048906.06,REST,0,0,0,0,0,0.0,0.0,0.0,SAFE,100,,
2026-05-12 11:30:03,30,31,744,62.86,5.61,53.57,76.04,962.17,86.06,75.43,50.0,0.08944,109.8,0.1942,-0.701,53.16,109.48,0.4856,3.0985,0.1613,0.129,75.18,0.8766,0.0,0.0,0.0,1023.47,9.24,1077.38,104.94,11.61,50.42,55.04,1047582.75,REST,0,0,0,0,0,0.0,0.0,0.0,SAFE,100,,
2026-05-12 11:30:08,30,33,725,64.2,5.18,53.57,76.04,940.78,77.4,77.07,43.75,0.082273,118.2,0.4453,-0.2068,54.45,94.96,0.5734,2.9604,0.1212,0.1818,77.0,0.9957,0.0,0.0,0.0,1023.51,9.18,1077.38,104.94,11.49,49.85,54.44,1047666.77,REST,0,0,0,0,0,0.0,0.0,0.0,SAFE,100,,
2026-05-12 11:30:13,30,31,742,64.12,5.16,54.76,76.04,941.81,75.46,70.1,40.0,0.080123,124.1,0.0761,-0.8552,49.52,94.53,0.5238,3.0551,0.129,0.1935,70.03,0.9289,0.0,0.0,0.0,1023.92,8.04,1077.38,104.94,11.22,48.2,61.6,1048481.64,REST,0,0,0,0,0,0.0,0.0,0.0,SAFE,100,,
2026-05-12 11:30:18,30,31,759,62.57,5.33,54.47,72.89,965.82,81.41,67.15,36.67,0.084293,129.4,-0.0264,-1.2927,47.18,105.02,0.4492,3.1274,0.2258,0.2258,66.72,0.8248,0.0,0.0,0.0,1024.46,6.99,1068.69,96.25,10.53,44.98,62.01,1049568.66,REST,0,0,0,0,0,0.0,0.0,0.0,SAFE,100,,
2026-05-12 11:30:23,30,30,740,60.93,5.09,52.07,70.54,991.6,81.99,62.07,41.38,0.08268,136.75,-0.021,-1.0583,43.43,107.5,0.404,3.0845,0.2,0.2,61.42,0.757,0.0,0.0,0.0,1024.8,5.91,1068.69,81.58,9.48,13.5,52.67,1050249.72,REST,0,0,0,0,0,0.0,0.0,0.0,SAFE,100,,
2026-05-12 11:30:28,30,30,758,60.68,5.64,52.07,74.03,996.97,88.58,68.27,44.83,0.088851,139.95,-0.3671,-0.9424,48.2,115.63,0.4169,3.0859,0.2,0.2,68.17,0.7707,0.0,0.0,0.0,1025.35,6.94,1068.69,100.88,8.24,11.16,30.44,1051393.86,REST,0,0,0,0,0,0.0,0.0,0.0,SAFE,100,,
2026-05-12 11:30:33,30,29,739,60.62,7.59,42.23,75.95,1005.55,128.38,128.47,42.86,0.127674,177.8,0.6726,1.7644,89.81,157.8,0.5691,2.3777,0.069,0.2069,127.0,1.0006,0.0,0.0,0.0,1025.76,6.09,1059.59,91.78,6.82,5.1,12.33,1052215.22,REST,0,0,0,0,0,0.0,0.0,0.0,SAFE,100,,
2026-05-12 11:30:38,30,28,755,58.3,7.41,42.23,75.95,1044.92,126.82,137.52,48.15,0.121364,92.3,0.1673,1.4865,97.24,150.69,0.6453,2.4353,0.0714,0.1429,137.52,1.0844,0.0,0.0,0.0,1025.8,5.93,1059.59,91.78,6.63,4.9,12.18,1052309.96,REST,0,0,0,0,0,0.0,0.0,0.0,SAFE,100,,
2026-05-12 11:30:43,30,29,737,58.33,7.34,42.23,75.95,1044.24,125.86,137.73,57.14,0.120523,93.8,0.1762,1.479,97.39,148.98,0.6537,2.4853,0.069,0.1379,137.72,1.0943,0.0,0.0,0.0,1025.89,6.69,1067.15,99.34,7.2,6.64,12.65,1052502.5,REST,0,0,0,0,0,0.0,0.0,0.0,SAFE,100,,
2026-05-12 11:30:48,30,30,753,59.42,7.7,42.23,75.95,1026.4,131.24,137.31,51.72,0.127869,137.02,0.3629,1.0216,97.05,158.22,0.6134,2.7111,0.1,0.2,137.25,1.0462,0.0,0.0,0.0,1025.48,7.15,1067.15,99.34,8.3,20.1,24.49,1051656.76,REST,0,0,0,0,0,0.0,0.0,0.0,SAFE,100,,
2026-05-12 11:30:53,30,29,735,61.07,8.08,42.23,75.95,1000.34,137.47,134.88,39.29,0.137423,172.9,0.6988,0.939,95.28,169.46,0.5622,2.8272,0.1379,0.2069,134.74,0.9812,0.0,0.0,0.0,1025.11,7.63,1073.55,105.74,9.98,23.16,30.04,1050917.7,REST,0,0,0,0,0,0.0,0.0,0.0,SAFE,100,,
2026-05-12 11:30:58,30,29,751,60.0,7.92,42.23,75.95,1017.71,136.24,134.79,39.29,0.133867,209.0,0.5005,0.6594,95.04,167.6,0.5671,2.8188,0.1034,0.2069,134.4,0.9893,0.0,0.0,0.0,1024.76,6.53,1073.55,83.49,9.31,22.95,29.9,1050167.34,REST,0,0,0,0,0,0.0,0.0,0.0,SAFE,100,,
2026-05-12 11:31:03,30,30,733,58.43,5.83,51.12,71.94,1036.4,96.34,62.6,37.93,0.092956,125.0,-0.5864,-0.6412,44.27,128.85,0.3436,3.0574,0.1333,0.2,62.6,0.6498,0.0,0.0,0.0,1024.32,6.58,1073.55,83.49,9.13,21.11,29.57,1049275.29,REST,0,0,0,0,0,0.0,0.0,0.0,SAFE,100,,
2026-05-12 11:31:08,30,29,750,58.52,5.81,51.2,71.94,1034.76,95.37,65.15,46.43,0.092164,132.8,-0.6561,-0.6291,45.94,126.8,0.3623,3.0861,0.1034,0.2069,64.97,0.6831,0.0,0.0,0.0,1023.87,6.63,1073.55,83.49,8.67,16.55,28.0,1048346.41,REST,0,0,0,0,0,0.0,0.0,0.0,SAFE,100,,
2026-05-12 11:31:13,30,29,731,58.75,5.82,51.2,71.94,1030.75,95.61,73.44,42.86,0.092754,131.8,-0.5486,-0.7571,51.91,124.85,0.4158,3.1811,0.1034,0.2069,73.41,0.7682,0.0,0.0,0.0,1023.68,5.36,1073.55,83.08,6.34,10.69,14.13,1047942.42,REST,0,0,0,0,0,0.0,0.0,0.0,SAFE,100,,
2026-05-12 11:31:18,30,29,748,59.42,6.09,51.2,71.94,1020.07,100.41,74.56,50.0,0.098434,155.3,-0.2842,-1.1648,52.7,131.86,0.3997,3.0397,0.1379,0.2069,74.54,0.7425,0.0,0.0,0.0,1023.48,4.36,1043.6,39.21,5.47,12.77,11.28,1047528.25,REST,0,0,0,0,0,0.0,0.0,0.0,SAFE,100,,
2026-05-12 11:31:23,30,30,729,59.54,6.36,51.2,75.48,1018.65,102.37,74.86,51.72,0.100493,148.45,-0.4315,-0.8375,52.93,134.75,0.3928,3.0193,0.1333,0.2,74.85,0.7313,0.0,0.0,0.0,1023.78,4.68,1043.6,39.21,5.05,15.82,7.92,1048153.8,REST,0,0,0,0,0,0.0,0.0,0.0,SAFE,100,,
2026-05-12 11:31:28,30,31,746,61.58,6.58,51.2,75.48,985.41,104.45,73.98,56.67,0.105993,177.75,0.081,-1.0309,52.07,138.23,0.3767,3.2005,0.2258,0.1935,73.64,0.7083,0.0,0.0,0.0,1024.05,8.04,1081.57,122.26,9.17,46.19,38.16,1048739.81,REST,0,0,0,0,0,0.0,0.0,0.0,SAFE,100,,
2026-05-12 11:31:33,30,33,728,65.82,8.2,51.2,81.38,926.04,117.66,69.65,46.88,0.127058,155.3,0.3613,-0.7894,48.71,159.11,0.3061,3.1576,0.1818,0.2121,68.88,0.592,0.0,0.0,0.0,1023.89,10.03,1081.57,122.26,12.08,51.41,43.64,1048455.74,REST,0,0,0,0,0,0.0,0.0,0.0,SAFE,100,,
2026-05-12 11:31:38,30,35,744,69.34,7.54,54.42,81.38,875.94,98.41,55.25,35.29,0.11235,181.15,0.4311,-0.9383,38.88,133.63,0.291,3.0869,0.2571,0.1429,54.99,0.5614,0.0,0.0,0.0,1023.8,11.14,1081.57,122.26,13.04,54.38,43.83,1048294.9,REST,0,0,0,0,0,0.0,0.0,0.0,SAFE,100,,
2026-05-12 11:31:43,30,36,726,71.55,6.38,59.14,81.7,845.59,78.67,53.75,34.29,0.093039,112.32,0.5865,-0.7926,37.84,104.63,0.3617,3.1356,0.1944,0.1389,53.51,0.6833,0.0,0.0,0.0,1023.78,12.14,1081.57,122.26,14.26,55.74,45.49,1048265.29,REST,0,0,0,0,0,0.0,0.0,0.0,SAFE,100,,
2026-05-12 11:31:48,30,36,742,72.39,5.7,59.14,81.7,834.22,69.38,47.87,28.57,0.083164,102.3,0.8468,0.1043,33.84,92.09,0.3675,3.03,0.1389,0.1389,47.86,0.69,0.0,0.0,0.0,1024.14,12.6,1081.57,122.26,14.95,51.36,45.72,1049026.0,REST,0,0,0,0,0,0.0,0.0,0.0,SAFE,100,,
2026-05-12 11:31:53,30,36,760,72.24,5.58,60.3,81.7,835.69,66.97,42.84,22.86,0.080136,102.3,0.6205,-0.313,30.29,89.74,0.3375,3.1248,0.1389,0.1389,42.83,0.6398,0.0,0.0,0.0,1024.13,12.85,1081.57,122.26,15.27,44.84,45.55,1049017.56,REST,0,0,0,0,0,0.0,0.0,0.0,SAFE,100,,
2026-05-12 11:31:58,30,35,741,71.49,6.74,57.42,81.7,847.35,85.55,41.44,20.59,0.100956,107.9,0.8609,-0.2212,28.96,117.46,0.2465,3.0141,0.1714,0.1143,40.95,0.4845,0.0,0.0,0.0,1024.17,12.07,1079.14,114.47,14.38,29.96,26.83,1049066.23,REST,0,0,0,0,0,0.0,0.0,0.0,SAFE,100,,
2026-05-12 11:32:03,30,34,758,69.99,6.54,57.42,81.7,865.12,84.33,47.27,24.24,0.097473,95.67,0.6044,-0.5686,33.41,114.48,0.2918,3.1422,0.2059,0.1471,47.24,0.5606,0.0,0.0,0.0,1024.6,11.13,1059.69,95.03,12.66,41.8,21.27,1049922.91,REST,0,0,0,0,0,0.0,0.0,0.0,SAFE,100,,
2026-05-12 11:32:08,30,34,739,68.76,5.92,57.42,81.7,879.25,77.66,53.91,36.36,0.088328,97.9,0.4793,-0.4564,37.89,103.09,0.3676,3.0936,0.1765,0.1471,53.59,0.6941,0.0,0.0,0.0,1024.98,10.36,1059.69,86.22,11.91,40.24,19.4,1050687.89,REST,0,0,0,0,0,0.0,0.0,0.0,SAFE,100,,
2026-05-12 11:32:13,30,33,755,67.33,5.31,57.42,77.97,896.69,71.48,52.85,37.5,0.079712,94.8,0.2883,-0.5671,37.27,93.96,0.3966,3.1644,0.1515,0.1818,52.7,0.7395,0.0,0.0,0.0,1025.4,9.4,1059.69,80.75,10.52,38.41,17.25,1051539.61,REST,0,0,0,0,0,0.0,0.0,0.0,SAFE,100,,
2026-05-12 11:32:18,30,32,737,65.39,5.82,57.42,77.97,924.59,79.94,51.94,35.48,0.086455,123.28,-0.1847,-0.9446,36.57,106.97,0.3419,3.104,0.2188,0.1875,51.72,0.6497,0.0,0.0,0.0,1025.74,9.07,1059.69,80.75,10.22,38.35,15.93,1052215.31,REST,0,0,0,0,0,0.0,0.0,0.0,SAFE,100,,
2026-05-12 11:32:23,30,32,753,63.86,6.65,54.47,77.97,949.4,95.08,47.2,29.03,0.100152,149.67,-0.2478,-1.0342,33.12,130.33,0.2542,3.2181,0.1562,0.1875,46.84,0.4964,0.0,0.0,0.0,1026.0,8.46,1059.69,80.75,9.53,37.95,13.79,1052750.66,REST,0,0,0,0,0,0.0,0.0,0.0,SAFE,100,,
2026-05-12 11:32:28,30,32,735,64.46,6.9,53.75,77.97,941.43,99.45,66.23,41.94,0.10564,158.25,0.0258,-1.0864,46.76,132.65,0.3525,3.1678,0.1562,0.2188,66.12,0.6659,0.0,0.0,0.0,1026.31,7.14,1059.69,80.75,8.16,36.67,11.59,1053357.73,REST,0,0,0,0,0,0.0,0.0,0.0,SAFE,100,,
2026-05-12 11:32:30,30,29,699,64.41,7.15,53.75,77.97,942.92,102.99,66.03,42.86,0.109223,175.8,-0.0156,-1.1724,46.15,138.14,0.3341,3.0692,0.1724,0.2414,65.26,0.6411,0.0,0.0,0.0,1026.31,7.08,1059.69,80.75,7.88,27.45,11.58,1053369.71,REST,0,0,0,0,0,0.0,0.0,0.0,SAFE,100,,
